Timestamp,Is your birth month between January-June or July-December?,"Q1: On a scale of 1 to 6, how accurately does the description reflect your own experience of speaking?","Q2: When you begin a sentence, how much of the entire thought do you feel is already 'present' in your mind before the words come out?""",Q3: How often do you start a sentence and realize mid-way through that you need to change your choice of words to better match the original idea you had in mind?,"Q1: On a scale of 1–6, how accurately does the description reflect your own experience of speaking?","Q2: When you begin a sentence, how much of the entire thought do you feel is already 'present' in your mind before the words come out?""",Q3: How often do you start a sentence and realize mid-way through that you need to change your choice of words to better match the original idea you had in mind?,Did you know what a Diffusion Large Language Model is before doing this survey? ,Do you know what a Diffusion Large Language Model is? ,"Thank you for participating! We are researching human speech production.
What you’ll do: You will read a short description of an AI process and answer 3 questions about how you speak.
Time: This should take less than 3 minutes.
Privacy: Your responses are completely anonymous. No personal data is collected.
Rights: You can stop the survey at any time.
By clicking ""I agree"" below, you confirm that you are a student and you consent to your anonymous data being used for this research project.
Question: Do you agree to participate?
"
23/02/2026 15:45:53,January-June,1,5,4,,,,,No,Yes
23/02/2026 15:53:58,January-June,3,2,6,,,,,No,Yes
23/02/2026 16:01:36,July-December,,,,2,5,4,Yes,,Yes
23/02/2026 16:03:47,July-December,,,,2,2,4,Yes,,Yes
23/02/2026 16:04:29,July-December,,,,3,6,5,Yes,,Yes
23/02/2026 17:45:15,January-June,2,4,4,,,,,Yes,Yes
24/02/2026 11:12:28,July-December,,,,2,4,3,Yes,,Yes
24/02/2026 11:59:16,January-June,2,5,4,,,,,Yes,Yes
26/02/2026 10:32:23,July-December,,,,2,3,3,Yes,,Yes
26/02/2026 11:39:27,July-December,,,,5,3,3,Yes,,Yes
26/02/2026 11:49:46,January-June,1,2,2,,,,,Yes,Yes
27/02/2026 10:29:01,July-December,,,,4,3,4,No,,Yes
27/02/2026 13:51:47,January-June,2,5,5,,,,,Yes,Yes
,,,,,,,,,,
,,,,,,,,,,
,,,,,,,,,,
, ,,,,,,,,,